154,Robin,Silva,***-**0453,AK
47,John,Mcmillan,***-**7301,NV
361,Julia,Wright,***-**6702,CO
448,Jennifer,Brown,***-**0700,MA
645,Karen,Malone,***-**5442,CO
120,Amanda,Dodson,***-**6056,KS
297,Melody,Nelson,***-**1931,VA
257,Paul,Evans,***-**4302,MN
100,Yvette,Rodriguez,***-**8123,OR
161,John,Cox,***-**7739,OH
536,Megan,Gray,***-**4006,NY
433,Hannah,Miller,***-**4657,NY
309,Cole,Farrell,***-**7973,IN
603,Mark,Murillo,***-**9915,MI
630,Susan,Thompson,***-**6074,TN
596,Megan,Chavez,***-**7659,CT
146,Julie,Castillo,***-**4523,AK
163,Theresa,Fletcher,***-**0535,VA
529,Linda,Krause,***-**4382,SD
395,Christopher,Guerrero,***-**4036,WY
329,Denise,Baldwin,***-**7350,AL
286,Stephanie,Smith,***-**1286,NH
535,Danielle,House,***-**9308,ME
203,Catherine,Martinez,***-**6917,NM
350,Dennis,Alvarado,***-**4378,MT
29,Jeffrey,Clark,***-**0316,MO
484,Julia,Morgan,***-**1731,WI
562,Allison,Garcia,***-**0105,LA
337,Savannah,Saunders,***-**2473,IA
634,Sean,Calhoun,***-**2261,SD
370,Valerie,Lopez,***-**0441,AL
290,Theresa,Brown,***-**3478,MN
190,Diana,Smith,***-**3506,IL
31,Katie,Garcia,***-**8462,AK
486,Mike,Duncan,***-**8115,MD
105,Mark,Green,***-**6893,AZ
644,William,Watts,***-**6883,MN
531,Jennifer,Williams,***-**9054,OK
296,Alan,Holden,***-**6916,PA
526,Anthony,Rodriguez,***-**3865,ID
178,Shaun,Martinez,***-**5793,NC
372,Jessica,Walsh,***-**2907,RI
333,Troy,Sanchez,***-**2052,OK
375,Vincent,Watson,***-**8997,RI
559,Sherry,Henderson,***-**3768,FL
402,Patricia,Sharp,***-**0306,MD
54,Kristy,Diaz,***-**1032,IA
398,Sarah,Hamilton,***-**3104,ND
206,Jose,Spears,***-**2675,NH
334,Jeffery,Reed,***-**6338,NJ
606,Jasmine,Kelly,***-**3251,MN
553,Mark,Chen,***-**3553,WY
160,Beth,Lynch,***-**0814,AK
211,Caroline,Mayer,***-**2487,WY
38,Michael,Chapman,***-**6874,OR
226,Julie,Robbins,***-**4571,IN
317,Amanda,Krause,***-**4744,IL
198,Dillon,Nguyen,***-**4552,IL
240,Rachel,Cook,***-**9042,NM
210,Susan,Stewart,***-**2712,GA
135,Stephen,Hensley,***-**5372,GA
276,Sean,Gonzales,***-**8838,MO
496,Mark,Mcmillan,***-**2503,MI
275,Mark,White,***-**7830,ID
582,Sara,Smith,***-**9188,TN
440,Tamara,White,***-**6614,FL
515,Anna,Bennett,***-**6909,TN
384,Jessica,Gaines,***-**9332,CO
60,Allen,Leon,***-**9089,MI
465,Laura,Kim,***-**3606,PA
78,Stacy,Robertson,***-**0248,WY
321,Paige,Spencer,***-**8621,NY
456,Gregory,Jackson,***-**0058,WY
509,Andrew,Hogan,***-**5943,ND
516,Alyssa,Stokes,***-**2432,OH
191,Kimberly,Gallegos,***-**7563,OR
506,Jonathan,Malone,***-**9942,MN
475,Steven,Ritter,***-**8004,OH
97,Paula,Edwards,***-**0638,KS
7,Roberto,Schmidt,***-**1763,AL
505,Ashley,Hutchinson,***-**1510,SC
397,Anthony,Christensen,***-**8703,OH
519,Jane,Martinez,***-**3977,AZ
216,Bruce,Miles,***-**0969,IA
359,Victoria,Moon,***-**8604,AZ
540,Robert,Campbell,***-**3694,DE
225,Brian,Williams,***-**5701,MT
33,Nicholas,Martinez,***-**1689,LA
303,Ann,Lewis,***-**0619,MT
124,Ralph,Martinez,***-**4024,WA
264,Cody,Taylor,***-**3700,SD
546,Michelle,Jenkins,***-**8254,NE
98,Desiree,Ross,***-**2608,MS
542,Brian,Bridges,***-**4546,MN
131,David,Mcclain,***-**5430,OH
40,Tracy,Gonzalez,***-**4059,WY
313,Adam,Thomas,***-**1297,VA
428,Jessica,Thornton,***-**2381,KS
63,Jacqueline,Garcia,***-**8953,NC
347,Mark,Garrett,***-**4408,WY
646,David,Weaver,***-**2750,ME
512,Danny,Pena,***-**9878,MN
62,Adriana,Wolf,***-**1702,OR
650,Logan,Smith,***-**0194,MN
463,Jerome,Brown,***-**9456,MD
292,Jose,Gonzalez,***-**9797,MD
152,Mary,Baker,***-**0954,MI
352,Stephen,Bryant,***-**6488,SD
332,Carol,Dyer,***-**5545,HI
354,Jennifer,Avery,***-**5062,LA
145,Lori,Odonnell,***-**2415,KS
525,Crystal,Martin,***-**0679,ME
35,Andrea,Perry,***-**8897,CO
279,Ashley,Patrick,***-**0763,WY
636,Sarah,Brooks,***-**6948,AR
53,Shawn,Murray,***-**5217,MS
320,Robert,Smith,***-**0748,MS
408,Carla,Torres,***-**7599,CT
631,Amanda,Pearson,***-**9832,TN
507,Isaac,Woods,***-**6227,AK
391,George,Mckinney,***-**7748,UT
439,Cheryl,Bailey,***-**1224,NC
45,Paul,Murphy,***-**9454,NJ
61,Rhonda,Young,***-**2336,NE
518,Thomas,Cooper,***-**9890,CO
598,Brandi,Williams,***-**8500,MD
572,Aaron,James,***-**4596,OR
246,Tyler,Beck,***-**1385,HI
248,Sherry,Love,***-**8685,OR
170,Jennifer,Crawford,***-**5861,FL
42,Cory,Hopkins,***-**9491,AK
565,Matthew,Miller,***-**3517,CO
73,Miranda,Nguyen,***-**2585,ME
266,Elizabeth,Lynn,***-**8647,MA
612,Lee,Zamora,***-**3321,UT
558,Brian,Davila,***-**3711,DE
599,Edward,Padilla,***-**5222,PA
388,Cameron,Allen,***-**8341,ID
49,Meghan,Wilson,***-**4722,HI
208,Kimberly,Johnson,***-**4304,PA
89,Andrea,Webb,***-**7815,VA
234,Darrell,Coleman,***-**4198,WI
508,Roy,Johnson,***-**6344,AK
649,Victor,Lopez,***-**3964,NV
532,Jennifer,Smith,***-**1748,GA
584,Joseph,Mitchell,***-**7441,VA
92,Derek,Obrien,***-**6123,NH
194,Stephanie,Ho,***-**3656,KS
447,Tiffany,Harris,***-**9733,WV
377,Laura,Mercado,***-**9514,MI
274,Jeffrey,Harris,***-**4763,KY
81,Brendan,Gonzalez,***-**9993,SC
68,Victoria,Potter,***-**4290,UT
252,Amy,Waller,***-**8763,MA
349,Kenneth,Martin,***-**4681,MI
221,Lisa,Wilson,***-**6950,AZ
22,Isaac,Jordan,***-**0520,TX
223,Jonathan,Hall,***-**6672,NE
371,Katherine,Bailey,***-**3545,WV
362,Hannah,Nolan,***-**1332,OK
387,Alexander,Gibson,***-**1036,CO
336,Kelly,Sullivan,***-**7284,NV
95,Jeffery,Burnett,***-**4493,KS
91,Darlene,Harmon,***-**3052,WV
156,Shannon,Vaughn,***-**2444,AR
620,Gina,Hoffman,***-**4213,UT
77,Alex,Owen,***-**9252,AL
70,Donna,Howard,***-**7432,MS
588,Kenneth,Sanchez,***-**8921,CA
166,Adrian,Rivera,***-**5638,MA
501,Donald,Carter,***-**5922,HI
44,Sheri,Ball,***-**7548,AZ
545,Mark,Saunders,***-**2640,VT
177,Diana,Spence,***-**4751,MA
295,Shannon,Kramer,***-**7615,SC
174,Jennifer,Jensen,***-**4293,GA
172,Denise,Castillo,***-**0042,LA
607,David,Johnson,***-**9729,DE
222,Kelly,Phillips,***-**1324,MI
143,Alexander,Murphy,***-**0664,UT
394,Mark,Brown,***-**8531,CA
604,Ashley,Harris,***-**7070,IL
65,Lisa,Schmitt,***-**5980,TN
116,Rebecca,Wilson,***-**6629,MI
260,Donna,Campbell,***-**2369,NV
209,James,Young,***-**8557,ME
642,Tamara,Whitney,***-**9208,MO
629,Elizabeth,Howard,***-**2641,AZ
228,Michael,Hubbard,***-**8972,CT
162,Todd,Duran,***-**1832,KY
267,Stacy,Cox,***-**0990,AL
396,Michelle,Phillips,***-**2345,OK
173,Alisha,Pacheco,***-**2496,MI
434,Melissa,Torres,***-**6921,NM
325,Renee,Evans,***-**2708,MT
485,Christine,Stone,***-**6503,KS
490,Paul,Meyers,***-**1680,HI
90,William,Small,***-**0642,CO
330,Kaylee,Clark,***-**0753,WI
523,Chelsea,Foster,***-**4094,AK
193,Rhonda,Gonzales,***-**4110,ID
150,David,Pearson,***-**1781,AL
613,Alexandra,Thomas,***-**6760,SD
314,Christopher,Anderson,***-**1835,NC
514,Timothy,Morris,***-**2962,WY
651,Alexander,Wright,***-**7263,MN
80,Christine,Williams,***-**1974,MN
426,Amy,Griffin,***-**1946,MA
32,James,Wilson,***-**7343,OR
435,Karla,Rosales,***-**1729,IL
308,Kevin,Beck,***-**7304,TN
511,Lee,Weber,***-**9830,CA
243,Charles,Stout,***-**1997,KS
312,Christopher,Dougherty,***-**0986,AL
171,Mark,Mcdonald,***-**0101,MT
568,Amber,West,***-**7363,ND
58,Michelle,Smith,***-**6834,NV
432,Ashley,Sherman,***-**1501,NE
401,Amanda,Haney,***-**9019,IA
278,Brian,Peters,***-**3701,HI
24,Pamela,Robinson,***-**4275,NM
114,Maria,Chapman,***-**7300,OK
452,Bryan,Jackson,***-**8117,MD
51,Nicholas,Brown,***-**2869,SC
614,Colleen,Beasley,***-**3286,MA
88,Amanda,Wilson,***-**0767,NE
445,Andrea,Wright,***-**8386,OH
489,Amanda,Smith,***-**3579,DE
101,Brooke,Jones,***-**2606,TN
466,Bonnie,Bowen,***-**5889,ID
300,Corey,Adams,***-**2578,OR
544,Kristina,Summers,***-**3058,OR
127,Michael,Donaldson,***-**7624,CA
450,Cynthia,Williams,***-**5994,NY
138,Ashley,Bullock,***-**5394,MS
11,Daniel,Wells,***-**7268,CA
416,Barbara,Lambert,***-**5353,ID
393,Charles,Kelley,***-**1133,OK
538,Joseph,Martin,***-**5396,AR
83,John,Myers,***-**1869,NJ
556,Robin,Carroll,***-**7194,CA
179,William,Boyle,***-**0490,AR
254,Dale,Hartman,***-**9502,ME
315,Debra,Best,***-**3320,ND
617,Andrew,Love,***-**9696,OH
560,Carrie,Davis,***-**6558,WA
418,Katherine,Lane,***-**6820,NH
327,Andrew,Lawson,***-**7313,MT
482,Susan,Kennedy,***-**4558,ME
610,Jermaine,Quinn,***-**1754,CA
270,Katherine,Rose,***-**0446,MN
534,Matthew,Martin,***-**7803,ID
543,James,Torres,***-**5026,DE
200,Dustin,Drake,***-**5454,WV
555,Kyle,Ramirez,***-**2839,WA
119,Chad,Wise,***-**1355,CO
641,Kimberly,Knapp,***-**1122,CO
229,Joshua,Bailey,***-**4031,WV
611,Emily,Mcgrath,***-**7640,CO
493,Amanda,Jones,***-**0691,MN
342,Christopher,Young,***-**1343,NE
605,Rodney,Smith,***-**3105,NH
27,Michelle,Reeves,***-**1066,PA
381,Claudia,Oneal,***-**9008,TX
130,Joshua,Riley,***-**4874,IN
622,Jennifer,Porter,***-**5572,WI
648,Christopher,Smith,***-**2521,WI
470,Brooke,Bishop,***-**4107,CA
125,Charles,Hall,***-**7617,PA
483,David,Cervantes,***-**0082,WA
2,Amy,Long,***-**7292,FL
444,Patrick,Barber,***-**9891,NY
9,Sarah,Harper,***-**5891,AK
385,David,Lowery,***-**7963,UT
400,James,Rios,***-**3987,ID
189,Heather,Andrews,***-**1797,VT
294,Robert,Edwards,***-**5215,GA
10,Anthony,Nguyen,***-**8472,WI
339,Caroline,Lopez,***-**1325,OK
311,Jessica,Elliott,***-**1632,OH
639,Charlene,Jackson,***-**8809,WY
8,Wayne,Mercer,***-**7254,MA
34,Ralph,Wells,***-**4237,KS
412,Thomas,Patterson,***-**4561,VA
212,Robert,Ellison,***-**9579,NE
261,John,Mueller,***-**7849,MD
175,Jennifer,Arnold,***-**4368,AL
462,David,Peterson,***-**7312,LA
551,Alexandria,Baker,***-**3200,NV
492,Wyatt,Rivers,***-**5135,KY
176,Hailey,Lynn,***-**9488,CA
197,Scott,Warren,***-**3723,OH
380,Michelle,Ali,***-**3823,KS
476,Erica,Mcconnell,***-**0878,MA
79,Michael,Brown,***-**9682,OH
624,Ariel,Ray,***-**2732,OR
218,Pamela,Hodges,***-**1423,UT
382,Tonya,Chavez,***-**5703,MT
277,Ronald,Johnson,***-**8871,DE
539,Craig,Nunez,***-**6566,DE
75,Jeff,Hawkins,***-**5606,IL
50,Richard,Turner,***-**9924,TN
637,Brett,Ward,***-**0204,MN
108,Paul,Adams,***-**5765,WV
575,Drew,Kelly,***-**3264,WA
436,Briana,Webster,***-**3704,PA
57,Kimberly,Harris,***-**5459,IA
548,Debra,Green,***-**5376,SC
186,Kelly,Ferrell,***-**2299,NH
232,John,Mathews,***-**9165,ND
554,Ronald,Huerta,***-**6058,OK
187,Katherine,Rogers,***-**9500,ME
86,Christopher,Greene,***-**8446,ID
258,Megan,Robinson,***-**1601,WV
335,Dennis,Thomas,***-**5032,IN
628,Michael,Garcia,***-**4294,IL
627,Latoya,Mitchell,***-**3607,ME
643,Allen,Flynn,***-**7573,NH
338,Cynthia,Bennett,***-**7899,MD
113,Patricia,Cruz,***-**3822,IN
164,Katherine,Hensley,***-**7226,CT
417,David,Evans,***-**6773,WA
36,Scott,Brooks,***-**4958,NY
341,Maria,Mcmillan,***-**3730,TX
458,Dustin,Nichols,***-**9015,NE
6,Daniel,Welch,***-**6950,IL
283,Timothy,Suarez,***-**3073,WI
409,Robert,Lin,***-**0121,AZ
305,Wendy,Hendrix,***-**6634,WY
230,Jermaine,Hill,***-**5479,NJ
76,Steve,Daniels,***-**3537,CO
383,Diana,Meyers,***-**4296,TN
256,Amanda,Douglas,***-**6961,ID
316,Harold,Li,***-**2966,GA
471,Tammy,Salinas,***-**3850,NC
128,Peter,Miles,***-**3367,WA
373,Alicia,Carney,***-**9437,OH
591,Travis,Hansen,***-**6746,DE
593,Rachel,Valdez,***-**0852,UT
566,David,Arroyo,***-**9403,FL
626,Janice,Young,***-**4863,WA
28,Kimberly,Massey,***-**4649,MO
224,Jay,Brown,***-**8736,TX
249,Pamela,Lyons,***-**3318,AR
67,Hailey,Boyd,***-**0270,NY
121,Jonathon,Brock,***-**9917,CO
259,Mary,Mitchell,***-**3602,TX
250,Kathleen,Klein,***-**3388,NM
491,Leslie,Brown,***-**1806,NJ
403,Taylor,Boyle,***-**9756,MD
180,Donna,Howard,***-**3416,CA
87,John,Paul,***-**7180,KY
618,Patrick,Wells,***-**3209,MS
151,Robert,Smith,***-**2300,ID
479,Joseph,Martinez,***-**9409,NH
574,Jennifer,Kim,***-**9504,MN
356,Andrew,Moore,***-**5178,ID
600,Rick,Johns,***-**7121,NV
404,Emily,Lawrence,***-**1991,TN
374,William,Peters,***-**7516,KY
129,Deanna,Terrell,***-**5743,OK
155,Matthew,Kane,***-**9385,PA
520,Ryan,Russell,***-**3828,HI
368,Erica,Johnson,***-**9413,LA
427,John,Garcia,***-**3993,TX
499,Daniel,Lopez,***-**2639,AR
455,Scott,Miller,***-**3580,WY
231,Tracy,Martin,***-**0726,AK
82,Kevin,Garcia,***-**4722,NV
3,Jennifer,Rowe,***-**9014,NY
405,Mary,Robbins,***-**9514,FL
103,Melinda,Parsons,***-**8751,NE
578,Michael,Estrada,***-**2448,OH
55,Morgan,Parker,***-**4320,TN
457,Andrea,Potter,***-**6384,NH
12,Dakota,Harrington,***-**7188,VA
473,David,Le,***-**5444,MI
573,Samantha,Farley,***-**2351,WA
192,Daniel,Singh,***-**7521,VA
268,Thomas,Jensen,***-**3430,OH
93,Timothy,Mendoza,***-**2367,NM
74,Robert,Freeman,***-**5211,AR
134,Derek,Harrington,***-**2836,AR
451,Carrie,Barber,***-**3083,LA
115,Patrick,Taylor,***-**5595,MO
227,Michelle,Diaz,***-**4889,ID
586,Adrian,Hernandez,***-**5101,NE
413,Christopher,Martinez,***-**8774,CT
363,Evan,Romero,***-**3334,NM
438,Danielle,Kaiser,***-**9764,AL
420,Pamela,Moore,***-**9532,NJ
140,Amanda,Franco,***-**5413,AK
615,Joshua,Weaver,***-**7030,IA
590,Brenda,James,***-**3251,HI
126,Gary,Knight,***-**1242,AR
157,Joseph,Carroll,***-**5984,ND
104,Antonio,Perez,***-**4115,NC
410,Rachel,Lyons,***-**0900,ME
390,Kayla,Washington,***-**6218,CT
181,Martha,Gonzalez,***-**8342,KS
424,John,Wells,***-**3026,NH
18,Donna,Lopez,***-**5711,DE
26,Ronald,Hays,***-**6430,TX
66,Tina,Williams,***-**7775,OR
205,Cheryl,Dennis,***-**0712,TX
280,Brandon,Davis,***-**1621,AZ
421,Rebecca,Marshall,***-**1020,PA
16,Bradley,Guzman,***-**2817,WY
415,Suzanne,Wheeler,***-**2982,WI
616,Anne,Rios,***-**6513,HI
625,Lawrence,Roach,***-**2080,KY
17,Crystal,Myers,***-**6532,OH
633,Aaron,Wolf,***-**1149,WY
96,Allison,Diaz,***-**8927,AR
293,Charles,Wheeler,***-**5781,CA
5,Gregory,Moore,***-**6226,MA
30,Emily,Diaz,***-**9174,AK
239,Tonya,Martinez,***-**7702,IA
263,Keith,Robinson,***-**3579,NC
414,Laura,Parker,***-**6879,CO
567,Michele,Hendricks,***-**7341,MS
319,Virginia,Wise,***-**8887,OR
422,Leon,Foster,***-**3153,SC
589,David,Patton,***-**9705,PA
331,Nicole,Perez,***-**1455,MT
282,Kathryn,Stout,***-**9637,IA
107,Shirley,Andrews,***-**5306,OH
310,Pamela,Archer,***-**2625,WV
498,Caroline,Jackson,***-**4102,DE
289,Angela,Clark,***-**3392,MN
302,Tracey,Meadows,***-**6175,RI
196,Sara,Curry,***-**1678,ID
443,Dennis,Osborn,***-**3531,MA
318,Teresa,Watkins,***-**5707,NY
504,Troy,Booth,***-**5141,TN
247,Ryan,Snyder,***-**9330,MA
169,Ashley,Smith,***-**8720,TX
185,Angela,Armstrong,***-**2446,NY
502,Michael,Marshall,***-**5125,MI
592,Mary,Chavez,***-**2834,PA
188,Joseph,Estrada,***-**2571,PA
99,Michael,Holden,***-**7951,IN
453,Ann,Johnson,***-**9046,NE
272,Duane,Williams,***-**8818,NV
429,Howard,Lawson,***-**7664,MI
378,Kyle,Aguirre,***-**4469,NE
407,Jonathan,Gomez,***-**4727,SD
106,Mark,Smith,***-**5381,ND
133,Thomas,Stone,***-**8227,DE
37,Jonathan,Jones,***-**7798,MN
168,Donna,Rose,***-**1960,TN
411,Daniel,Brown,***-**6526,NM
112,Rachael,Holmes,***-**2067,GA
253,Eric,Harper,***-**2860,NV
326,Amanda,Clark,***-**5043,MN
102,Joseph,Adams,***-**7778,WI
158,Amy,Ford,***-**6461,NC
324,Samantha,Ramirez,***-**7086,MD
517,Justin,Morgan,***-**5133,MI
399,Charles,Greene,***-**2935,KY
94,Margaret,Barton,***-**0973,ID
461,Stephanie,Mendoza,***-**8308,VT
195,Ann,Romero,***-**4046,DE
367,Tricia,Smith,***-**7866,CA
609,Patricia,Fletcher,***-**2311,RI
182,Mary,Lee,***-**7361,OH
602,Sandra,Suarez,***-**9548,GA
298,Haley,Myers,***-**0757,MD
141,Christina,Arnold,***-**2313,NY
43,Maria,Estrada,***-**8108,LA
474,Alexis,Cross,***-**3694,MN
235,Cameron,Mcintosh,***-**8921,NV
524,Cody,Duran,***-**6706,NM
48,Heather,Robinson,***-**1929,MN
640,Brett,Nelson,***-**3049,MD
21,Michelle,Brewer,***-**6836,OK
480,Brandi,Sawyer,***-**9334,RI
357,Tracy,Holt,***-**1413,AK
376,Christine,Munoz,***-**0149,MO
284,Daniel,Hernandez,***-**7473,CO
358,Jillian,David,***-**4462,HI
353,Kelly,Castillo,***-**7622,WA
262,Brian,Jackson,***-**9597,PA
570,Shawn,Edwards,***-**4865,LA
84,Robert,Campbell,***-**9581,SD
199,Brian,Mclaughlin,***-**2876,PA
269,Jonathon,Olson,***-**7767,SC
13,Brandon,Farmer,***-**2601,TX
242,Caroline,Larson,***-**7178,LA
597,Blake,Jimenez,***-**3810,KS
348,Darren,Farrell,***-**5885,CA
351,Jacob,Thomas,***-**8896,MS
577,Gregory,Roberts,***-**4496,IN
503,Frank,Barton,***-**5568,MA
547,Joshua,Rush,***-**2710,GA
392,David,Williams,***-**6350,MA
148,Sydney,Floyd,***-**0722,CT
654,Nicole,English,***-**9164,HI
537,Anthony,Richmond,***-**8935,AR
4,Donna,Owens,***-**6696,AL
340,Dawn,Malone,***-**2070,TN
306,Kelly,Moran,***-**0670,NV
460,Elizabeth,Bailey,***-**7230,MI
569,James,King,***-**1432,AK
454,Kristin,Grant,***-**9693,WV
601,Brian,Lopez,***-**7558,DE
64,Gregory,Estes,***-**9235,KS
132,Jeremy,Cross,***-**4632,HI
472,Kelly,Hopkins,***-**6875,HI
71,Craig,Garcia,***-**3695,PA
184,Jeremy,Warner,***-**1184,AL
153,Lori,Tate,***-**9123,NM
244,David,Miles,***-**2657,MI
355,Daniel,Wright,***-**3803,FL
238,Brandon,Chang,***-**6687,AL
144,Julie,Nelson,***-**1332,SD
478,Michelle,Peterson,***-**2154,MA
85,Kristen,Lopez,***-**8194,VA
360,Mitchell,Meyer,***-**7666,RI
608,Jimmy,Jones,***-**2030,MA
322,Jessica,Sullivan,***-**2665,WY
299,Noah,White,***-**0897,SC
379,Adam,Harrell,***-**0742,WV
594,Steven,Nelson,***-**2085,VT
207,Jay,Smith,***-**6315,CT
621,Maurice,Gillespie,***-**8509,GA
214,Rodney,Cook,***-**6232,RI
301,Alexandra,Bradley,***-**9390,AL
215,James,Reeves,***-**1620,IN
136,Morgan,Dunn,***-**1601,AZ
19,Rebecca,Hammond,***-**2706,LA
285,James,Mclaughlin,***-**1088,NC
287,Joanna,Hopkins,***-**2714,MA
118,Kathy,Preston,***-**9960,LA
549,Joshua,Hicks,***-**4786,KS
123,Amy,Sherman,***-**6029,NJ
281,Julie,Price,***-**3599,PA
446,Benjamin,King,***-**8165,RI
41,Michael,Dalton,***-**2101,WI
500,Jennifer,Fischer,***-**5609,UT
585,Bonnie,Turner,***-**0208,MD
344,David,Jacobs,***-**3682,FL
437,Andrea,Montgomery,***-**6315,OH
467,Kevin,Taylor,***-**2293,NH
587,Daniel,Williams,***-**9146,NH
288,Sandra,Griffin,***-**6533,NV
647,Ronald,Gilbert,***-**4448,WY
69,Michael,Reynolds,***-**8507,CA
346,Austin,Gutierrez,***-**0203,VT
579,Garrett,Carter,***-**7246,CA
522,Jason,Shaw,***-**4765,KY
202,Katherine,Wright,***-**3109,AR
111,Paul,Rogers,***-**6284,MT
304,Sheri,Villegas,***-**8629,OR
117,Jonathan,Mendoza,***-**0262,MD
419,Christina,Weeks,***-**2028,PA
423,Karen,Lyons,***-**9081,OK
165,Thomas,Wood,***-**8269,TN
550,Samantha,Thompson,***-**9230,NY
464,Beth,Harris,***-**5871,RI
233,John,Anderson,***-**6681,NY
386,Randy,Dorsey,***-**0360,MO
39,Annette,Flores,***-**3196,NE
580,Stephanie,Goodwin,***-**5702,NC
59,Sara,Walker,***-**5423,NE
201,Rebecca,James,***-**1514,MA
552,Alexander,Vaughan,***-**8562,MI
441,Robin,Oconnor,***-**0782,NH
530,Michael,Fowler,***-**3995,TN
365,Kristine,Little,***-**1771,SD
237,Gabriela,Nguyen,***-**3729,WA
632,Kirsten,Mcbride,***-**2372,IA
149,April,Barnes,***-**3288,RI
1,Andrea,Anderson,***-**5650,CT
307,Roger,Wright,***-**3080,MO
497,Heather,Farrell,***-**0338,MA
469,Daniel,Mccall,***-**5314,NE
653,Mary,Hunter,***-**6623,TX
494,Heather,Scott,***-**0361,NH
23,Denise,George,***-**4879,WI
323,Jeremy,Obrien,***-**7592,OR
571,Jeffrey,Jones,***-**1822,SD
557,Kristine,Roberson,***-**0956,MN
481,Dawn,Galvan,***-**8058,TN
510,Tyler,Brewer,***-**9006,HI
425,Albert,Davidson,***-**9182,CA
137,Daniel,Garcia,***-**3001,WI
389,Daniel,Patrick,***-**8777,GA
477,Gregory,Simpson,***-**9365,CO
236,Samuel,May,***-**0970,NJ
142,Kimberly,Shaw,***-**7577,MA
521,Jennifer,Johnson,***-**3102,OK
14,Joseph,Fernandez,***-**4971,IL
52,Timothy,Chandler,***-**3897,NM
345,Stacy,Brooks,***-**4661,SC
406,Sandra,Sanders,***-**1673,RI
245,Jennifer,Rodriguez,***-**2538,NM
369,Michelle,Larson,***-**3866,FL
495,Bridget,Koch,***-**9714,WY
638,John,Anderson,***-**7935,UT
459,Matthew,Gibbs,***-**9698,ID
468,Paula,Hernandez,***-**2951,CA
623,Mason,Rhodes,***-**4767,MD
25,Chelsea,Rivera,***-**0140,NH
46,Kayla,Mitchell,***-**9155,WI
219,Matthew,Fuller,***-**2989,MS
442,Lauren,Bennett,***-**4874,IA
513,Kevin,Foster,***-**5090,WI
265,Paul,Wilson,***-**9871,IA
527,Nicole,Conrad,***-**6985,SD
109,Matthew,Kramer,***-**4860,RI
564,Nancy,Mitchell,***-**9365,GA
487,Sheri,Long,***-**5166,OH
431,Edwin,Martin,***-**9168,MO
20,David,Foster,***-**6956,MO
183,Edward,Thompson,***-**8605,OH
122,Mary,Hernandez,***-**5268,NY
15,Michelle,Huang,***-**8363,UT
583,Scott,Ellison,***-**8653,NH
72,Daniel,Boyd,***-**1220,NY
204,Amy,Wright,***-**8641,CA
541,Brent,Miller,***-**9692,HI
343,Elizabeth,Olson,***-**7163,MA
271,Michael,Adams,***-**3927,FL
251,Daniel,Waller,***-**0011,KY
561,Michelle,Carr,***-**2759,CT
528,Anna,Matthews,***-**4474,TN
488,Kimberly,Velasquez,***-**4229,GA
220,William,Smith,***-**0654,AR
652,Anthony,Delgado,***-**7837,FL
430,Derrick,Fritz,***-**0071,IA
255,Elizabeth,Avila,***-**8453,NH
291,Kyle,Hoffman,***-**7692,MT
217,Amanda,Lewis,***-**0504,MT
167,John,Beck,***-**3635,AR
147,William,Rivera,***-**7032,SD
619,Nancy,Nguyen,***-**3939,VA
364,David,Turner,***-**7108,IL
159,Beverly,Jordan,***-**3762,NM
56,Theresa,Barnes,***-**2054,CT
635,Deanna,Russell,***-**9236,MD
581,Laura,Glenn,***-**1468,TX
595,Michelle,Dickerson,***-**2817,TN
366,Caroline,Wyatt,***-**7063,NY
110,Cynthia,Price,***-**6184,SD
576,Travis,Little,***-**6995,WY
563,Barbara,Murphy,***-**9225,AR
533,Nathan,Moore,***-**7469,ME
273,Sarah,Hayes,***-**8195,CT
328,Michael,Robinson,***-**2355,IL
